name	rmr4	rmr5	rmr6	rmr7	rmr8	rmr9	rmr10	rmr11	rmr12	rmr13	rmr14	rmr15	rcr4	rcr5	rcr6	rcr7	rcr8	rcr9	rcr10	rcr11	rcr12	rcr13	rcr14	rcr15	fmr4	fmr5	fmr6	fmr7	fmr8	fmr9	fmr10	fmr11	fmr12	fmr13	fmr14	fmr15	fcr4	fcr5	fcr6	fcr7	fcr8	fcr9	fcr10	fcr11	fcr12	fcr13	fcr14	fcr15	rmc4	rmc5	rmc6	rmc7	rmc8	rmc9	rmc10	rmc11	rmc12	rmc13	rmc14	rmc15	rcc4	rcc5	rcc6	rcc7	rcc8	rcc9	rcc10	rcc11	rcc12	rcc13	rcc14	rcc15	fmc4	fmc5	fmc6	fmc7	fmc8	fmc9	fmc10	fmc11	fmc12	fmc13	fmc14	fmc15	fcc4	fcc5	fcc6	fcc7	fcc8	fcc9	fcc10	fcc11	fcc12	fcc13	fcc14	fcc15	size
2ymd_229	1.346754	-7.634878	-9.628337	-6.262002	3.632955	24.483549	36.674678	42.759560	42.529287	47.332688	57.109954	59.018768	1.780237	-6.815126	-2.955389	-1.472600	2.316775	10.149728	17.215792	21.994388	21.501009	25.897139	30.460067	32.716784	2.975849	3.814142	12.616796	12.913454	4.001346	6.480835	7.087822	5.258208	2.952989	2.720315	2.078107	2.825420	-4.669404	-8.503291	1.958989	6.599462	7.631435	10.902452	11.258459	10.447451	9.120960	9.202797	11.461217	12.867018	-98.218674	-270.665545	-512.794076	-791.912673	-1137.296686	-1622.526157	-2239.264274	-2935.273002	-3658.644722	-4509.398443	-5486.466122	-6523.351373	8.719506	-0.495633	0.732820	2.327464	9.354436	20.205335	27.987875	32.921997	32.272458	35.711792	38.979187	40.132728	-99.088597	-269.377681	-521.031486	-832.418252	-1230.852212	-1795.269065	-2491.795573	-3251.897050	-4011.521027	-4889.591678	-5883.094443	-6929.998393	4.430980	3.099358	13.339141	16.715013	15.127024	18.223321	18.544997	17.822183	16.909445	17.832748	20.886365	23.072155	26
2ymd_3	-4.547704	-6.156367	-13.193591	-7.301972	8.996582	29.173321	44.107308	49.998923	49.606133	51.767129	61.845780	61.540382	-1.100669	-0.875877	-1.612652	2.460639	10.549414	19.752641	29.363097	33.464442	33.151758	35.366348	39.114759	38.438020	-4.037820	4.777044	9.761728	12.030591	9.315542	10.956223	13.029718	12.043620	9.587048	6.561917	6.141422	4.913505	-8.443469	-3.155766	3.803561	10.666811	15.835033	20.248749	22.429108	21.565567	20.701303	18.622610	19.644823	18.347339	-109.760484	-274.168795	-521.945047	-802.276160	-1153.869215	-1628.945508	-2251.431396	-2931.069698	-3664.950688	-4536.719905	-5522.520024	-6574.043530	3.258102	2.895059	-0.517209	3.864493	15.485279	27.325898	37.664393	41.916128	41.460504	42.651527	45.097848	43.301500	-112.358302	-273.386974	-529.845359	-844.760986	-1253.122231	-1803.169250	-2507.493004	-3246.617348	-4017.980766	-4918.717056	-5921.549146	-6983.361105	-1.858094	5.850515	12.574753	18.441002	21.238225	25.081313	27.224641	26.474832	26.023535	24.716874	26.539031	26.017813	26
2ymd_403	11.937045	11.969292	14.446517	20.122995	36.182957	59.306756	74.355671	81.682587	83.409175	84.374964	91.843410	92.349466	7.490557	8.270046	13.931050	17.634831	23.741500	33.712116	43.855445	49.150914	50.110171	51.143892	52.655644	53.002622	14.239777	24.726391	37.300103	40.158604	37.555192	41.701175	43.841272	44.420515	43.220986	40.552414	37.828739	36.743950	0.590656	5.916923	18.452316	25.560100	29.304362	34.072425	36.286290	36.569388	36.382311	34.737120	34.309376	33.282526	-88.451823	-276.716303	-498.334145	-761.940855	-1108.055791	-1595.831484	-2217.175182	-2892.851087	-3643.948536	-4508.402395	-5489.201891	-6510.781875	18.125972	17.644527	22.101680	26.310409	36.112225	48.937552	59.806674	65.241464	66.004055	66.069698	66.301077	65.596105	-89.406322	-275.493730	-504.772845	-798.718333	-1203.021488	-1770.363732	-2473.846649	-3209.158744	-4000.396633	-4890.816881	-5886.931567	-6917.644050	13.485419	21.028769	34.363469	40.449303	42.136024	46.545258	48.725016	49.117517	49.274064	48.469249	48.866365	48.672020	26
2ymd_405	11.656006	6.310953	0.585504	8.288759	18.851871	40.653368	54.168797	60.445197	65.502047	63.856185	71.555006	74.137321	9.102004	6.815101	5.659796	11.026830	14.898013	24.140003	33.274433	37.259608	41.444227	40.211267	42.905113	45.344175	11.955009	16.779720	22.054126	27.383871	19.272881	22.082663	23.471415	22.160790	23.600122	19.847655	16.657616	18.189271	1.983323	4.142808	10.153134	19.247972	20.360299	24.480303	26.456098	25.304384	27.569219	24.603862	24.072270	25.571661	-81.175193	-253.863813	-492.076975	-760.838160	-1105.576041	-1589.013418	-2195.215361	-2899.162164	-3656.151051	-4490.308464	-5444.175589	-6452.820453	17.616272	13.445633	10.094499	16.253534	23.558860	35.688112	45.573033	49.722129	53.718342	51.608482	53.095500	54.503000	-83.308893	-254.218426	-501.473829	-802.287159	-1201.719316	-1763.593656	-2448.071590	-3217.061153	-4016.240675	-4871.400186	-5839.995360	-6857.081482	12.494987	15.984779	22.117843	30.672630	29.475691	33.311538	35.302849	34.228666	36.835523	34.814995	35.165194	37.498468	26
2ymd_410	1.737279	-2.277365	-2.981603	-0.015925	16.631439	33.479557	48.075759	54.362862	56.361011	58.572192	66.629561	66.920399	7.213335	5.359158	9.441630	10.979739	17.668916	24.968075	34.286904	38.973837	40.122943	42.147167	44.677287	44.875406	2.797821	7.983175	18.251875	19.178645	16.044576	15.375197	17.278768	16.547731	15.354242	15.059129	12.140211	10.353158	1.533450	3.225548	14.283275	19.714787	22.853495	25.780327	27.393844	27.381990	27.031129	26.774317	26.334822	24.700873	-94.402501	-265.489592	-497.868732	-770.747211	-1129.445930	-1599.230345	-2215.110232	-2910.300226	-3672.125433	-4503.802295	-5476.179119	-6510.375511	11.393921	8.471495	10.181249	12.297517	23.139872	32.815297	42.847300	47.715786	48.670983	49.825670	51.092335	50.206927	-96.087931	-266.148830	-507.331692	-811.919565	-1231.886297	-1772.329701	-2469.629612	-3227.856906	-4031.919106	-4885.320041	-5873.695745	-6918.465331	7.776920	11.549324	22.520514	27.214848	28.790650	30.916631	32.484869	32.584655	32.568519	33.265588	33.656188	32.820072	26
2ymd_416	23.001927	15.524228	12.256515	16.726485	30.814005	51.083399	64.399899	68.527200	70.750284	75.707540	84.639615	87.328806	-0.019259	-7.301430	-5.876828	-2.941193	0.404644	8.422834	16.263702	19.075878	20.265474	25.026411	28.559598	30.874399	23.755019	30.606314	37.087072	37.400889	32.557065	34.161082	35.355961	32.760850	30.841334	32.151726	30.792167	31.621429	-11.015869	-8.594277	-0.892111	4.787295	5.994481	9.070544	9.348096	7.292289	6.388405	8.465152	10.213075	11.083051	-92.383273	-272.846851	-511.782064	-777.284961	-1138.247528	-1620.276587	-2233.291859	-2907.519813	-3671.171857	-4524.853844	-5527.784795	-6582.171038	22.232935	14.526507	14.148123	17.682544	25.011144	35.610230	44.190342	47.139620	48.156879	51.938478	54.122639	55.317904	-92.779550	-264.430479	-511.918193	-807.613233	-1228.312430	-1788.563699	-2484.097484	-3218.297373	-4026.523288	-4905.774788	-5925.998741	-6991.668808	13.757627	19.066647	27.213428	31.797040	31.076580	33.469609	33.751451	31.808382	31.259931	34.179860	36.694072	38.354004	26
2ymd_426	-9.848501	-11.057381	-14.022617	-12.676507	3.408267	22.718223	35.198020	40.319073	45.522012	49.272047	56.655223	59.115588	-10.468682	-13.197591	-13.336743	-14.748865	-6.010372	3.718089	11.208257	14.643541	19.008375	23.353015	25.558534	28.118046	-6.851772	1.604308	8.594219	8.208063	3.894753	4.475798	4.429641	2.741239	3.739967	3.254597	0.787976	2.411750	-18.233003	-15.584892	-9.035664	-5.463201	-0.757560	4.040182	4.275383	3.142901	5.267400	6.280489	5.994126	7.816421	-125.052111	-286.355828	-512.994086	-797.792014	-1144.941396	-1614.517489	-2229.314280	-2919.532966	-3680.740804	-4542.284155	-5491.889698	-6506.750692	-3.489628	-4.773522	-6.104324	-6.382976	5.670461	17.777426	25.975186	29.562966	33.755980	37.114552	38.147031	39.660623	-125.417370	-281.910910	-520.278575	-837.676474	-1241.808936	-1784.335384	-2480.282556	-3232.945308	-4038.031202	-4926.348010	-5889.120600	-6912.366662	-8.667158	-1.710327	6.018245	9.359217	11.393985	15.363291	15.558113	14.520951	17.000096	18.844208	19.491706	22.146297	26
2ymd_427	1.826818	-4.889070	1.898418	4.643989	18.624213	35.725265	49.574566	56.276089	58.658517	59.374996	64.730234	64.679373	-2.436648	-6.805594	3.222339	4.047313	8.806873	15.915907	25.496165	29.651854	31.566816	32.958334	34.478193	34.140539	3.548807	8.479173	24.218084	24.300709	19.233622	17.890555	18.563876	18.003531	16.537990	14.157639	9.471722	7.962531	-10.292012	-8.347978	7.584026	12.123722	14.011432	16.523973	17.799204	17.076523	17.241753	16.249032	15.229862	13.771356	-102.685249	-277.462291	-492.379281	-773.181223	-1126.971111	-1601.179897	-2204.198105	-2895.622915	-3662.506858	-4515.811271	-5465.872047	-6516.058032	9.158983	4.472415	12.787133	13.833074	22.318944	32.079356	42.441327	46.783775	48.498570	48.944050	49.287054	47.824748	-103.860804	-273.034956	-496.599709	-812.048436	-1223.587748	-1771.022225	-2454.309457	-3210.036608	-4020.687392	-4898.268374	-5861.562973	-6922.846400	3.628455	8.332716	24.646440	28.201463	27.989326	29.961616	31.288474	30.684844	31.167117	31.042912	30.944023	30.247408	26
2ymd_433	2.848561	-5.382147	-11.933610	-7.337026	8.994808	25.955804	39.403765	43.813919	46.004587	48.262791	56.183913	56.912787	4.878005	5.510954	4.293134	8.603319	15.521509	22.197204	29.927320	32.449017	34.834041	36.625872	39.172601	40.103209	5.001356	6.298215	11.764944	12.394282	8.215242	8.058180	8.414778	7.903590	6.358767	5.370995	1.327127	0.396393	-0.233581	3.501757	10.078186	17.113230	20.026310	22.912866	22.850235	21.927999	22.010711	21.304991	20.289512	19.929696	-89.020054	-283.458645	-530.680158	-809.280799	-1165.319016	-1638.328190	-2268.166635	-2943.444390	-3669.584526	-4527.834728	-5521.091890	-6574.173610	9.200448	7.263420	3.529364	7.658600	18.354819	27.473084	35.884109	38.542350	40.766188	41.580257	42.803813	42.590934	-88.996698	-281.484258	-538.533809	-849.164672	-1265.455160	-1810.837046	-2525.038110	-3256.798292	-4022.026317	-4906.174045	-5917.749011	-6982.105394	6.119002	10.704719	17.233068	22.562354	23.332962	25.436143	25.277000	24.471592	24.955634	25.071913	24.830679	25.222901	26
2ymd_434	9.342612	3.260957	-0.828234	4.597271	22.770482	39.179581	52.960412	60.054230	64.446604	67.177903	72.598019	74.738334	3.181617	-0.496275	-0.967091	4.082200	12.627654	19.237637	26.986071	31.493813	35.264310	38.094944	39.538632	40.877319	14.184437	15.806648	21.377593	25.163218	24.480232	22.999436	25.410565	23.983095	23.401803	21.683078	16.784258	18.611550	-0.676821	-2.465810	3.084157	12.644273	18.676640	20.473007	22.114018	20.468441	21.549741	20.701001	19.600845	20.683730	-77.613534	-269.710718	-507.861830	-772.805570	-1121.839858	-1584.422479	-2208.403562	-2911.961432	-3693.693687	-4556.168163	-5474.967327	-6480.486663	10.741645	3.974944	2.084990	7.339902	19.862393	28.944576	37.436689	42.092003	45.717152	47.591035	47.977565	48.306538	-75.043878	-269.392850	-518.742818	-810.747349	-1218.821877	-1752.357442	-2459.009095	-3228.423138	-4056.632396	-4944.838364	-5873.329861	-6885.905149	8.815114	7.527621	13.957729	22.084258	26.373819	27.497312	29.102003	27.521073	28.966377	28.992829	28.947552	30.892673	26
2ymd_435	27.066486	30.845942	27.167312	34.425645	51.233407	69.035511	80.841704	86.527332	88.510767	90.112489	96.959548	98.159685	17.949304	23.101967	22.246970	25.288752	31.588423	39.950788	47.255578	51.096750	52.405239	54.069694	54.881420	55.795821	31.392787	44.625929	50.699527	54.207865	52.481423	50.981494	50.211464	47.972035	47.093495	45.122107	41.463724	41.354641	11.477245	21.600373	27.710715	33.390693	37.511456	40.381409	40.440430	38.770016	39.065020	37.949334	35.997457	35.745737	-76.572778	-230.419664	-443.000942	-722.469661	-1087.696003	-1558.529037	-2175.033358	-2869.038668	-3635.436274	-4514.806143	-5498.857386	-6533.579035	27.336682	32.415994	30.086342	33.778467	44.266493	55.066353	63.123128	67.139121	68.266248	68.907546	68.437543	68.273647	-74.079840	-223.161730	-444.117687	-761.861012	-1187.143252	-1730.185424	-2428.094514	-3186.274715	-3994.756096	-4901.613299	-5901.510272	-6945.466556	23.156717	36.101933	42.837190	48.141047	50.660989	52.762235	52.822435	51.263693	51.905441	51.583384	50.472118	51.043435	26
2ymd_436	6.615978	-0.843829	-6.674466	-7.596088	4.260033	22.014811	36.306264	40.667237	44.802263	48.462040	56.467759	58.823271	1.518589	1.099649	0.781669	-1.041174	3.425642	10.019288	18.583382	22.680933	26.907569	30.511905	32.068750	33.766891	9.578565	10.529020	14.571525	11.774477	4.961303	4.544584	6.721498	4.680033	5.813942	4.999150	2.013728	1.477617	-2.091742	-0.291673	4.799128	7.324608	9.197316	10.909247	12.886769	12.213644	14.654658	14.440606	13.157604	12.821801	-67.329150	-248.879002	-508.828766	-797.985824	-1148.380676	-1621.253819	-2254.486418	-2917.618276	-3619.242142	-4456.460518	-5464.974088	-6583.085892	8.518939	4.192878	0.746653	-0.931382	6.847371	16.188427	25.498149	29.715859	33.798815	36.475267	36.622936	36.992526	-66.123971	-249.714835	-523.030919	-843.122362	-1246.628165	-1793.143463	-2510.350238	-3229.969285	-3966.930743	-4830.036324	-5858.629195	-6994.062953	6.513074	7.869561	12.553215	13.796902	13.081861	14.365978	16.295773	15.731243	18.601274	19.235376	18.612292	18.856703	26
2ymd_439	6.010205	-6.294324	-14.558821	-13.279372	0.858109	19.126794	31.389376	36.498987	40.431647	45.635913	51.608997	53.321927	-1.082965	-3.435758	-7.862241	-6.616254	-1.421342	5.338202	12.593507	16.339474	19.619670	23.987054	24.920577	26.341642	9.230485	4.342925	7.891850	7.773611	1.553041	1.414111	3.028702	0.943191	-0.621654	-0.317003	-3.903573	-4.225679	-5.356833	-7.342092	-3.541412	2.939507	3.962593	6.113684	7.701593	6.315098	5.603575	5.868529	5.293511	5.009008	-75.895451	-282.619505	-530.727287	-809.389809	-1156.873564	-1640.954801	-2262.703783	-2956.576841	-3698.033054	-4565.050072	-5528.761180	-6575.118649	7.584801	0.985212	-5.597461	-4.297700	4.315461	13.748616	21.817604	25.701069	28.809874	32.186261	31.916810	32.226718	-73.597438	-282.705258	-539.112862	-846.753041	-1254.146192	-1814.845513	-2516.295615	-3272.634414	-4055.992040	-4950.752480	-5927.533535	-6984.872328	5.144607	2.648902	6.625826	11.612727	10.165972	11.771495	13.415883	12.111270	11.782419	12.869457	13.201299	13.701078	26
2ymd_456	5.650312	-3.028992	-10.401091	-4.097656	7.410208	26.507309	37.922823	44.701610	46.890527	50.920404	59.217914	61.328633	9.771993	5.887247	3.288916	7.736506	10.311206	20.659788	28.384168	32.651098	34.043218	37.889477	40.653216	42.535832	5.742590	5.882685	10.873233	15.834889	8.173850	7.908398	8.047664	7.699512	7.276311	6.230344	3.837763	4.206571	3.197484	2.529638	7.735126	17.230072	16.962026	21.394270	22.159485	21.316982	21.978574	21.545797	21.332815	22.081327	-77.626745	-245.480606	-497.362228	-784.122133	-1153.550515	-1619.324343	-2204.864031	-2877.388143	-3629.124605	-4495.076608	-5450.814562	-6537.924096	13.763314	8.198234	2.721086	7.804769	14.146913	26.898399	35.241575	39.649049	40.868674	43.700684	45.241229	45.876202	-79.271107	-246.367215	-510.948396	-830.408698	-1257.182734	-1794.621181	-2452.669679	-3186.074763	-3979.614837	-4874.595228	-5845.445035	-6946.810005	9.055223	9.741290	14.859238	23.715686	21.272203	24.892187	25.587956	24.835247	25.840233	26.174375	26.821619	28.218466	26
2ymd_458	33.694809	30.057596	27.118475	32.585181	43.816556	69.344426	83.146860	91.928082	92.600401	94.881683	101.935017	105.849832	25.614755	24.298954	25.467343	27.678459	32.627100	44.080672	52.444438	58.621504	58.748450	60.427722	62.597374	65.666455	36.340426	40.566462	47.861300	51.669115	44.359716	51.595702	53.508106	54.426292	52.473329	52.152734	48.012017	50.295252	21.030372	21.881166	29.062660	35.612921	37.817248	44.567804	45.387751	46.010293	45.153982	44.719071	43.970414	45.763116	-48.189909	-222.514046	-464.084978	-728.535378	-1059.484797	-1544.198722	-2150.691379	-2845.798361	-3588.918269	-4412.648814	-5371.768325	-6405.194417	37.276956	33.277785	32.010914	35.500312	43.298686	57.910891	67.043014	73.350931	73.295973	74.125903	75.060357	77.020256	-47.052646	-222.591134	-475.807096	-771.486196	-1153.224729	-1717.877462	-2403.224577	-3163.292107	-3945.072761	-4790.564903	-5765.226159	-6809.445476	34.493503	35.975813	43.217205	49.632727	48.934731	55.701991	56.554696	57.225530	56.727058	57.243367	57.329097	59.878082	26
2ymd_484	16.268621	5.998273	-3.213188	1.861231	16.116523	31.134469	43.846272	47.966572	50.988069	54.543204	62.608503	65.186345	14.064979	9.821969	6.058049	9.163553	14.182911	20.539656	29.273752	32.734672	35.406208	38.700840	41.106504	42.813831	19.601103	16.307822	16.303757	18.361889	14.341165	11.438476	11.748049	8.574250	8.573122	8.463020	6.580907	7.233064	11.309569	8.824000	9.545140	15.692106	18.149719	19.756869	21.083183	19.426531	20.795777	21.017212	20.848095	21.260528	-43.896872	-209.695284	-466.508987	-749.635649	-1108.144210	-1568.865523	-2162.461340	-2826.642558	-3556.891643	-4402.010878	-5371.917606	-6458.758818	18.750282	10.888860	3.461499	7.207318	16.094067	24.848939	34.239180	37.866933	40.376614	42.680424	43.778435	44.219480	-42.311178	-209.908008	-483.040021	-801.125353	-1216.863465	-1745.303210	-2415.645927	-3139.233933	-3908.018110	-4779.127983	-5765.963125	-6867.387727	17.370128	14.289537	14.251887	19.910318	20.521811	21.401382	22.662806	21.126157	22.852788	23.836259	24.409183	25.432644	26
2ymd_486	13.357083	1.693428	-0.427241	3.311840	24.166086	39.435091	53.332652	55.302562	58.468385	64.336141	73.235326	74.394364	6.930584	0.543989	1.364046	4.247180	12.276782	19.078177	28.402543	28.628710	30.686180	35.822416	39.747346	40.685899	15.391506	15.394491	24.073026	23.135697	24.171417	21.420964	22.653565	19.012856	18.368153	20.159911	18.555649	18.511082	-0.255490	-0.277602	7.627471	12.856800	17.541478	20.011990	21.610105	18.098381	18.085353	19.677687	21.066880	21.111494	-93.087711	-272.604750	-507.664548	-771.151035	-1144.722097	-1618.148613	-2226.854067	-2912.605366	-3670.517379	-4525.430963	-5507.027274	-6554.236891	17.583566	11.110810	9.984662	13.923916	26.673014	35.755396	45.831253	46.201420	48.086870	52.278970	54.923937	54.746913	-92.958862	-265.854053	-512.528249	-807.533482	-1247.011968	-1790.653974	-2479.405926	-3224.588894	-4025.717402	-4907.044822	-5904.698107	-6962.317460	12.787818	15.691903	24.134352	28.817681	32.419700	33.917254	35.534400	32.125533	32.473263	34.938494	37.156771	37.984427	26
2ymd_489	40.658535	33.305811	30.993090	33.227637	51.002026	69.365598	83.925129	86.922234	91.856678	94.591734	101.778360	104.430479	31.982438	27.085831	27.311124	27.432917	35.867364	43.849205	53.610208	56.833949	60.351997	62.685151	65.181944	67.263621	46.176063	48.318995	53.483289	53.187943	51.135476	50.948384	51.608782	48.287251	49.003637	48.571072	45.722208	47.280171	27.445177	27.161143	31.973204	36.130048	41.000477	44.377974	45.284203	44.245519	45.699529	45.268865	45.352870	46.657995	-66.343607	-234.049208	-454.576318	-732.173821	-1088.446680	-1566.197738	-2175.662412	-2844.768482	-3628.904616	-4491.027353	-5446.375439	-6501.148053	44.164668	39.200345	37.904232	38.734743	51.285148	61.919005	72.464818	75.844100	79.186134	80.572306	81.877388	82.813821	-63.219392	-227.254070	-459.206414	-769.742500	-1187.397526	-1739.049730	-2430.061966	-3157.920844	-3989.070773	-4876.741311	-5845.752223	-6911.423120	41.919499	44.606624	50.080125	53.669006	56.887468	59.704103	60.657311	59.746708	61.520176	61.959122	62.957978	65.014054	26
2ymd_492	-2.629891	-4.471410	-9.115884	-6.787287	10.224218	21.457091	36.927136	41.532007	45.960836	50.396583	57.694182	59.729453	-5.830946	-9.798524	-10.777999	-10.312151	-5.262039	0.633394	10.549028	14.170237	16.931843	21.059972	23.156096	24.599510	0.955405	6.310059	12.025421	13.457116	10.792057	6.104401	8.494086	6.611744	5.595301	5.435641	2.205364	3.178582	-10.963753	-12.477861	-7.189124	-1.675094	0.427563	2.813644	4.965141	4.013031	3.768099	3.693943	3.329664	3.941908	-91.896174	-258.734969	-497.945729	-785.912610	-1163.398164	-1607.099105	-2228.267285	-2901.047257	-3692.818512	-4522.672643	-5486.460796	-6513.226484	0.835218	-4.279316	-7.191477	-6.572738	3.031387	10.580334	21.162510	24.939243	27.487045	30.746298	31.615828	31.988924	-91.422838	-259.299557	-510.888817	-829.488806	-1272.152090	-1775.848442	-2481.570620	-3213.166384	-4053.152428	-4906.462672	-5884.583936	-6920.483745	-2.267450	-1.842836	4.008372	8.364135	9.201475	10.071996	12.113295	11.281439	11.308392	12.191426	12.695133	14.114834	26
2ymd_496	15.869718	11.583752	9.079981	17.152471	26.210873	46.715929	56.966569	61.544499	65.271938	68.104252	76.610932	79.813923	6.188659	6.818399	8.174761	12.294283	12.409287	21.866501	28.513522	32.360332	35.316682	37.431642	40.897295	43.374944	19.039233	23.032280	29.111404	33.558779	26.431998	28.967383	28.871766	26.057230	25.594851	24.635081	22.179620	23.909204	0.706268	4.393564	11.171446	17.682503	17.950165	23.392351	23.699314	22.235060	22.532556	21.725189	21.872918	23.533708	-74.892962	-240.594193	-462.595641	-747.177720	-1117.556546	-1600.354915	-2186.547508	-2857.657250	-3594.876643	-4468.131530	-5392.059379	-6477.293849	19.551728	18.937504	17.858111	22.167098	26.381834	38.723818	46.104959	50.118620	52.912233	53.994087	56.329791	57.560659	-72.592567	-236.204235	-466.753048	-790.138246	-1215.570877	-1773.342048	-2432.948262	-3165.422214	-3944.152136	-4845.740733	-5782.801349	-6882.059130	16.099476	21.604579	28.060933	33.823791	32.391542	37.488133	37.848337	36.507389	37.172829	37.106155	38.200242	40.500283	26
2ymd_497	3.436945	0.675081	-0.778667	-3.064442	10.204149	26.348613	38.898071	45.530332	49.985426	52.222649	58.983486	61.112304	1.685703	-0.964396	1.271336	-2.401931	1.640062	5.097337	13.330297	18.552884	22.452555	25.102775	27.104079	29.445600	6.247659	10.486530	18.805854	15.945430	10.399318	9.586958	9.560319	8.930286	8.539457	7.897274	4.166787	4.157388	-4.503255	-5.305194	3.678380	5.477875	6.833507	6.901849	7.370893	7.559340	8.581207	8.863781	8.009702	8.410148	-97.226719	-271.161267	-487.433163	-775.308538	-1129.488290	-1615.525394	-2227.165211	-2918.025494	-3681.698797	-4512.748822	-5442.683452	-6458.190505	10.522727	7.054012	8.041805	4.324371	12.142171	18.195226	27.163568	32.571244	36.289572	38.070954	38.933540	40.218206	-96.915532	-270.980697	-494.601408	-814.326735	-1226.729867	-1788.736680	-2480.207291	-3233.511171	-4041.346564	-4894.546794	-5836.756687	-6862.166701	6.593118	8.163710	17.881694	18.449143	17.799559	17.257555	17.724010	18.037370	19.402603	20.642886	20.739518	21.947706	26
2ymd_510	11.475695	4.438893	-6.325004	-1.205883	14.739320	29.194632	40.071884	39.952896	43.250113	45.696278	54.324382	57.216976	-1.027590	-3.170430	-9.595176	-6.122563	-1.966403	1.907195	7.087400	7.750398	10.371475	12.710618	15.918714	18.285784	14.786442	15.957233	13.998686	15.544374	13.008778	11.965720	10.406130	4.875257	3.966483	3.571345	2.191361	2.698350	-6.776632	-5.696124	-6.177131	-0.215887	1.076835	2.641202	1.128801	-2.512049	-2.556426	-2.619130	-1.802368	-1.060861	-75.314012	-245.085396	-465.580091	-722.687070	-1075.112577	-1541.668669	-2172.322829	-2797.911100	-3513.789220	-4317.949175	-5249.483433	-6317.262372	12.038750	8.072999	-0.052073	3.572741	12.188252	18.539860	24.476480	25.243385	27.705420	29.197916	31.194367	32.307215	-73.467755	-241.587368	-470.581862	-759.028373	-1172.430032	-1708.474366	-2424.667339	-3100.643330	-3856.343530	-4682.668114	-5629.277917	-6712.342513	8.221614	10.591405	10.458753	15.332604	15.680771	16.632918	15.087597	11.580715	11.897490	12.729492	14.342513	15.667951	26
2ymd_521	-4.259263	-6.981219	-14.690851	-18.620614	-8.782847	5.540384	19.556724	24.918619	26.555334	32.605549	38.853807	40.372534	-3.046799	-6.109751	-10.334455	-15.344925	-11.172290	-6.404600	3.035945	7.755290	9.729734	15.902912	16.131624	17.233095	1.117560	6.874599	8.214714	1.451564	-8.805584	-12.288101	-11.324221	-11.989570	-12.746419	-11.448084	-15.275949	-16.314191	-7.893632	-6.889357	-6.083814	-6.800300	-6.319644	-5.545065	-4.095782	-3.334340	-2.330324	-0.351131	-2.556508	-3.358622	-119.421208	-278.558297	-531.116768	-828.148185	-1176.453230	-1648.805587	-2253.127514	-2922.694632	-3635.924916	-4468.644427	-5435.985803	-6525.813634	2.540522	1.376075	-5.641837	-10.015295	-2.998651	4.213223	14.362430	19.241559	21.058181	26.305540	25.264735	25.100579	-116.778855	-271.574139	-538.749504	-868.853320	-1271.256643	-1817.227371	-2501.939389	-3230.975923	-3980.835946	-4839.961083	-5823.716407	-6929.374441	0.313224	5.951342	6.640812	5.126899	2.324706	2.332065	3.757288	4.644012	6.050652	8.882445	7.470413	7.288206	26
2ymd_533	19.338764	11.545677	6.870754	5.094944	21.060864	39.558139	51.862551	58.046578	60.451111	65.309812	73.488548	77.257845	15.569644	10.806302	10.411987	9.108591	14.686332	22.143164	28.470325	32.920609	35.206687	39.970569	43.350916	46.642103	21.975207	23.301131	29.910489	26.313210	21.704087	22.825800	22.076079	21.365905	20.428265	19.853153	17.634200	21.162832	9.103184	7.813409	14.758288	18.648435	19.970947	23.669466	22.186877	22.039177	22.422779	22.270335	23.172353	26.554742	-68.673829	-256.284821	-506.354910	-781.491565	-1133.057804	-1610.769095	-2239.953141	-2941.906200	-3670.228153	-4506.762384	-5460.675763	-6501.970320	22.276531	15.506624	12.770208	11.448505	20.865167	30.856139	37.950921	42.558786	44.692251	48.529393	50.721229	52.888163	-68.442251	-254.828078	-515.921403	-817.063753	-1229.871505	-1781.263238	-2493.605379	-3259.273800	-4025.729512	-4888.030699	-5855.583446	-6906.846997	17.840210	17.916415	25.099935	27.272495	26.617862	29.638771	28.150928	28.095201	28.899113	29.640085	31.447094	35.587722	26
2ymd_539	-1.630784	-7.346670	-13.000846	-4.333315	9.469954	25.141865	34.186194	40.788088	43.653445	44.670009	52.592164	54.965991	-7.260082	-7.688693	-9.523525	-5.221927	-1.719908	4.485063	10.545551	14.781247	16.290776	17.531612	21.071308	23.183113	0.890783	4.837353	9.000558	14.022464	8.729088	6.152006	4.245188	4.242965	3.694684	1.975188	-0.570120	0.489513	-13.638592	-8.978686	-4.682169	2.402074	3.048168	4.767640	3.859544	3.761584	4.252934	3.042240	3.685432	4.815282	-96.048443	-251.427166	-476.155980	-750.736997	-1119.339039	-1595.496729	-2168.903110	-2848.927810	-3636.720439	-4448.967634	-5392.409532	-6425.967605	1.292531	0.511609	-3.728778	1.844041	9.516411	18.007955	24.712890	29.093934	30.400036	30.814138	33.167045	34.163059	-94.917482	-245.072136	-481.654843	-794.428392	-1223.285002	-1771.887873	-2414.784524	-3156.679358	-3991.504947	-4824.269248	-5782.009511	-6826.443207	-2.957607	4.050565	8.367294	15.705174	14.754823	15.552817	14.634339	14.611314	15.377100	15.150880	16.674398	18.549575	26
2ymd_547	8.538572	4.221802	1.943956	12.126410	23.244989	43.681274	55.593187	62.258025	66.189290	70.547259	78.641805	81.765389	-5.602304	-10.251407	-9.557112	-2.234209	-1.136440	8.357857	16.360224	23.526377	26.464046	31.359223	34.960286	38.019452	11.055914	14.842726	24.030587	30.199889	23.513220	26.151090	26.756755	25.503293	25.835400	26.293139	23.432657	24.374128	-13.547313	-14.432034	-5.375532	4.395519	4.005814	9.592542	10.784468	12.436424	13.782070	15.585604	15.939753	16.994148	-100.808681	-265.023319	-487.548969	-754.976452	-1121.324342	-1602.510010	-2199.584758	-2873.556405	-3641.363180	-4494.485800	-5466.357431	-6487.082194	11.208874	7.293573	6.292866	14.686175	19.780533	32.007519	40.714361	48.026999	50.797683	54.733493	57.081344	59.089891	-100.247844	-261.272862	-491.198689	-793.790775	-1217.423167	-1773.189390	-2447.285091	-3183.232948	-3995.925085	-4875.090581	-5863.246355	-6894.276191	5.686935	8.515631	18.085420	27.631391	25.393874	30.477691	31.665191	33.420765	35.112156	37.767808	38.970330	40.856052	26
2ymd_555	8.081979	2.814515	0.423792	3.634807	21.959060	36.600282	49.006487	56.544202	58.953572	63.697371	73.505448	76.890413	2.588327	1.363719	1.902652	2.439148	10.433142	17.634950	26.218872	30.824692	32.146117	36.100343	39.995406	43.230744	12.401561	15.072096	22.557218	24.002814	21.228836	18.843493	19.977256	20.042396	19.978576	20.466843	18.951271	19.853683	-0.761951	-0.114924	6.582057	11.454849	15.146857	18.139604	19.913180	19.365444	20.067288	20.444727	21.191119	22.295299	-76.069624	-258.859101	-489.391634	-782.969393	-1152.478639	-1608.788814	-2203.635626	-2897.660823	-3660.468391	-4512.643136	-5490.063248	-6528.906015	11.646597	7.689706	6.478995	7.519792	19.707536	29.007946	38.204879	42.974869	44.093826	47.111934	49.718849	51.843513	-72.900944	-256.634811	-498.093498	-826.555006	-1259.771486	-1781.123287	-2452.066216	-3210.817263	-4015.604543	-4893.640899	-5887.741509	-6937.911466	10.162737	11.494219	18.736988	22.945008	24.902112	26.785305	28.458120	27.996203	29.016415	30.266324	31.823645	33.706351	26
2ymd_557	1.443600	-8.222951	-14.884735	-12.626374	0.437760	22.319840	32.019399	36.926071	39.555020	43.595079	49.119559	50.886366	-2.770113	-6.882681	-8.322953	-9.594541	-5.076061	2.411018	8.623243	12.657366	14.813276	18.856125	19.924224	21.014040	4.449555	0.877801	2.625559	3.535766	-2.011958	2.710394	2.162572	-0.553440	-1.222891	-0.645038	-4.526324	-3.467442	-6.194410	-9.244310	-6.231787	-3.425414	-2.245571	1.849749	1.969882	0.523455	1.052722	2.059402	1.351197	2.008201	-70.460352	-232.644066	-454.720271	-730.961053	-1076.620835	-1567.467417	-2152.267813	-2825.850400	-3560.721540	-4373.571127	-5303.194842	-6317.036054	4.540344	-2.006590	-6.025244	-6.843539	1.434259	12.064944	18.938128	23.121418	25.125065	28.298936	28.190540	28.187915	-69.303908	-232.612769	-466.412997	-777.241872	-1176.379281	-1746.313584	-2402.764529	-3137.058499	-3912.287739	-4747.679854	-5689.960630	-6713.376487	2.655024	0.102143	2.851024	5.217954	4.703879	8.826996	8.919181	7.558009	8.448986	10.349729	10.494596	11.886048	26
2ymd_561	4.907420	3.946928	-1.134270	3.110506	12.926519	36.258988	48.959785	52.180006	56.817670	57.171846	67.074325	67.602603	-1.141343	1.160765	-1.054704	2.397918	5.944009	15.092911	22.114769	24.974516	29.020017	29.219191	33.413051	33.231585	6.182341	17.279709	23.007517	22.669334	13.321119	17.763740	18.253180	15.962986	16.539122	13.622515	12.314834	11.289629	-9.129764	-0.727374	4.500592	10.086172	10.717755	15.063086	15.090138	14.027323	15.865910	13.408885	14.408440	13.256575	-85.021575	-268.500551	-513.235493	-788.262914	-1126.815875	-1620.212839	-2257.769618	-2914.053524	-3667.859127	-4508.795243	-5485.341489	-6570.963927	10.319441	10.681536	6.591278	10.355161	16.853286	29.081759	36.912328	39.916703	43.795564	43.117150	46.022750	44.620587	-85.197973	-265.267954	-519.386993	-826.353004	-1217.432138	-1793.363359	-2515.510646	-3226.372293	-4023.223742	-4887.627187	-5880.805789	-6979.879542	4.459392	14.411233	20.130001	24.429424	22.086089	26.287422	26.336108	25.429181	27.634356	26.118230	27.926350	27.460147	26
2ymd_567	20.251981	10.431462	5.599071	9.803636	31.626636	47.675760	60.305924	64.848515	67.505097	69.803591	76.292032	80.132081	14.513212	6.173329	2.722348	3.033910	10.316174	13.920194	22.595489	24.597287	26.195809	28.173003	31.066192	35.128604	22.098666	22.011385	23.469507	25.272110	29.660517	29.593575	30.693794	29.482288	28.696689	28.201348	24.641840	25.718861	7.165023	2.960255	4.104741	7.305083	12.753385	13.754583	15.105564	13.333790	13.284841	13.162977	13.699755	15.586504	-67.367670	-250.489441	-435.244217	-689.866495	-1043.696176	-1525.444170	-2108.835855	-2772.079828	-3507.329317	-4321.181676	-5215.078995	-6251.467532	22.362149	12.034979	8.290026	8.972651	21.117523	27.529496	36.867924	39.014487	40.452835	41.545166	43.361185	46.236061	-66.793151	-248.277417	-437.880863	-726.550090	-1144.112971	-1699.414164	-2356.237061	-3077.308913	-3853.817974	-4689.997455	-5595.138463	-6645.409528	17.011354	14.105061	16.295585	18.916794	24.000255	24.703582	26.025891	24.349723	24.644800	25.388639	26.862522	29.384676	26
2ymd_585	10.979985	10.170519	4.247084	9.215601	21.115032	38.877385	51.638166	59.377623	60.785700	63.263758	72.804961	75.816729	2.785608	2.861513	0.961726	4.470109	6.852981	12.781709	21.003788	27.835939	29.147977	31.418511	36.096856	37.834897	17.397042	22.916364	27.105886	28.055536	21.412078	22.938483	23.354634	22.218719	21.621727	21.201322	19.298007	19.600952	-0.553930	1.282198	5.868960	11.988322	11.620869	15.149217	16.261205	16.470311	17.257285	17.255873	18.277404	17.720304	-82.456705	-237.229162	-476.687603	-740.450903	-1090.876816	-1569.576476	-2184.112374	-2860.466999	-3586.523404	-4429.579561	-5404.619171	-6461.803122	17.095274	16.798163	12.089557	16.350304	22.451043	31.199811	40.197448	47.224371	48.389564	49.705245	53.095756	53.661151	-78.113440	-231.565302	-482.625087	-778.396195	-1186.145556	-1738.018214	-2433.548049	-3173.518705	-3936.500795	-4804.205440	-5797.149522	-6867.618723	15.916852	20.215135	24.542991	30.011622	27.675732	30.863843	32.000320	32.355009	33.543593	34.369412	36.174623	36.324389	26
2ymd_587	20.006621	14.340737	12.270224	17.321411	34.700174	48.679583	60.010921	68.709167	74.548060	77.453338	85.005412	88.875944	12.976079	11.352316	12.776993	14.494583	21.488284	27.700797	35.533223	41.563520	46.421535	49.523092	52.607759	56.024136	23.776600	25.253519	32.281190	36.068516	34.206532	31.062979	31.051761	32.360832	33.648841	33.072170	30.396158	32.453576	8.999707	9.776777	16.720251	23.231447	27.129390	29.355171	30.153248	31.311690	33.477947	33.574687	33.928028	35.769457	-72.191581	-226.761850	-440.699367	-732.555120	-1101.411114	-1563.854026	-2145.218632	-2843.410834	-3605.798958	-4451.368245	-5382.262211	-6408.247806	24.530497	22.124231	21.861374	24.113291	35.427781	43.843069	52.316552	58.520191	63.192238	65.358182	67.300882	69.627295	-70.300894	-223.445972	-448.990396	-777.375318	-1207.328831	-1736.581020	-2391.328957	-3154.884684	-3961.825441	-4831.934199	-5775.284508	-6811.966580	22.551520	25.329828	32.897414	39.087287	41.541102	42.790991	43.545381	44.779265	47.267105	48.227607	49.517434	52.132266	26
2ymd_588	27.867449	29.340349	20.888550	29.714258	48.684155	65.340833	77.347715	83.970600	85.793009	88.135173	96.605608	97.431044	17.071123	19.880105	15.317569	20.700034	27.030489	33.134086	42.007643	47.180663	48.812038	50.805531	54.471111	54.093236	29.563982	39.511467	42.330113	48.589725	48.898380	48.520246	48.583479	47.295006	45.307593	43.667062	41.909667	40.435685	10.370121	16.795794	19.942484	28.672671	32.365466	35.250091	36.762153	36.196494	35.730097	34.363364	35.417019	33.307560	-59.576415	-213.845655	-439.669865	-706.388612	-1078.030270	-1560.108153	-2149.693141	-2829.712267	-3569.304463	-4423.707292	-5378.741835	-6462.630497	31.488051	32.999174	26.432788	32.532333	43.556068	52.313813	61.783486	67.101458	68.598048	69.622168	72.060451	70.461645	-59.464159	-211.951758	-445.763199	-746.992173	-1181.802340	-1735.194856	-2399.259803	-3141.764015	-3922.195387	-4802.991848	-5772.841287	-6871.008302	26.751700	34.839434	38.215257	46.569718	49.358372	51.690613	53.105018	52.626101	52.555859	52.002434	53.903805	52.461753	26
2ymd_591	31.854723	41.669812	38.399493	43.701827	64.024330	81.300741	90.006126	90.125041	93.702618	97.937310	102.740824	104.671303	13.762767	19.217294	17.151534	18.741354	28.290103	32.705492	38.727702	37.556577	40.632244	44.205027	45.110963	46.321735	38.360749	52.659906	56.915899	61.210005	63.749037	63.883937	61.071337	57.475463	57.056157	57.621541	53.485022	54.843968	9.575362	16.534234	19.298671	25.461502	31.753807	32.419604	31.783322	29.453971	30.325540	30.452678	29.321487	30.329107	-54.409041	-171.952981	-363.209716	-608.484336	-934.775037	-1398.005247	-1955.673281	-2616.141251	-3325.828571	-4112.381883	-4977.160813	-5961.819841	29.530243	35.391077	31.869977	34.234939	47.870466	55.154868	61.695991	60.692204	63.609212	66.319074	66.185144	66.305582	-48.854974	-165.281741	-366.475900	-641.770755	-1024.332688	-1562.607141	-2191.496783	-2909.729777	-3659.237482	-4468.606602	-5343.682188	-6338.342317	27.340232	37.082757	40.413572	46.408660	51.750742	52.344148	51.566636	49.316937	50.512634	51.461648	51.232315	52.899510	26
2ymd_593	22.662670	21.415785	19.340186	24.685415	46.099479	65.927508	79.796980	83.731452	85.574076	89.928667	97.821106	100.103481	8.756052	-0.168915	-0.517800	1.010934	9.955237	18.177834	28.494619	31.354863	31.453098	35.798653	39.292178	41.611177	29.686157	35.052552	39.902206	42.667727	45.582817	47.111076	49.311816	47.145347	45.513022	46.747655	43.164188	44.330861	3.324801	-2.042622	2.258750	7.413006	14.160471	17.834860	20.839457	19.677958	18.826373	20.403153	20.298775	21.418751	-96.381764	-241.066244	-443.449830	-716.014133	-1077.329216	-1560.009653	-2148.416562	-2827.216843	-3636.406670	-4460.693904	-5383.110495	-6349.217978	24.699882	18.216398	17.014622	19.282466	32.665855	43.533787	54.451470	57.488308	57.352335	60.866506	63.261609	64.653767	-91.107347	-232.539059	-443.733136	-750.684198	-1174.184049	-1732.637258	-2397.414669	-3137.057552	-3995.027001	-4841.016123	-5775.783752	-6747.891987	21.986398	21.673659	26.997307	31.819807	37.338417	40.439699	43.351199	42.316032	41.701471	44.280551	45.168415	47.205083	26
2ymd_618	11.038043	-2.105592	-1.776960	5.645545	25.119762	42.667723	53.183033	57.883896	60.289851	65.897865	72.759679	78.383565	2.968763	-7.096857	-4.072852	-0.977641	7.684529	14.165858	21.298310	24.857755	26.659674	30.958152	32.300183	37.849230	12.051794	10.484843	20.138037	25.590636	24.524720	24.812664	24.111286	21.724509	21.700438	23.627732	19.857399	22.291098	-6.312980	-9.695130	-0.443662	7.123392	11.772370	15.200267	15.002628	13.431385	14.563952	15.870863	14.410032	17.352293	-100.586796	-271.094987	-487.779937	-768.593301	-1132.989216	-1622.637372	-2199.828075	-2864.224411	-3602.496783	-4459.593489	-5409.564052	-6471.363525	15.218451	5.369715	6.377244	10.242418	23.012210	32.170251	39.957497	43.644967	45.261734	48.575995	48.709204	53.057813	-101.841888	-264.148933	-489.325007	-808.031927	-1235.054791	-1798.685565	-2447.239488	-3171.076960	-3949.328465	-4833.907267	-5798.768246	-6875.201738	8.392522	7.982881	17.374505	24.705953	27.577153	30.407395	30.208618	28.735774	30.212152	32.311369	31.715190	35.336433	26
2ymd_623	7.883900	5.473491	-3.234026	-0.165115	19.480135	36.063724	49.899188	54.962676	59.130638	61.745245	67.949820	69.385620	3.208693	0.508335	-4.410847	-4.099398	3.771517	10.154306	19.057234	23.462421	27.699805	30.162989	31.252572	31.846081	12.263477	16.311993	16.930441	17.132125	17.575133	17.089618	19.545676	18.704573	18.986097	17.604463	14.470483	14.363456	-2.054315	-2.459009	-1.560999	2.218626	6.899254	9.807086	12.393434	12.432837	14.450402	13.533331	13.043931	12.680823	-102.870215	-252.307181	-479.988305	-743.964568	-1103.786898	-1576.910890	-2187.375465	-2830.847150	-3557.224977	-4389.919141	-5337.779656	-6407.261122	10.888751	9.337505	2.106335	3.404452	15.694868	24.707226	34.364226	38.900590	42.998005	44.541775	44.403563	43.777245	-100.832553	-247.902177	-486.548116	-782.030085	-1203.936757	-1749.027923	-2439.133415	-3137.237350	-3903.869189	-4762.079246	-5724.361271	-6807.629845	7.983324	11.366449	12.275673	15.755883	19.282788	21.659508	24.253969	24.421641	26.825979	26.752040	27.080006	27.360273	26
2ymd_626	16.120134	6.233290	10.301993	18.322327	36.539018	56.942645	69.241841	73.087743	76.553298	77.288911	83.242464	87.788368	19.631089	12.045315	18.488491	22.514273	28.339422	37.610655	46.822646	49.808316	52.231950	52.761131	54.436459	58.549393	18.174674	19.770005	32.936181	38.463934	36.703078	38.150661	37.867310	35.635018	35.568909	32.730203	28.746302	31.562803	12.640418	10.920270	23.859913	31.643140	33.930497	38.553676	39.159712	38.023685	39.022709	36.715383	36.202663	38.825335	-93.272495	-275.752626	-474.119569	-736.465309	-1109.051774	-1604.890246	-2193.409082	-2873.613192	-3648.653384	-4523.707158	-5471.381956	-6504.940813	25.884748	18.573189	24.176359	29.346204	39.912817	51.925253	61.761353	64.880582	67.100073	66.644294	67.165525	70.184518	-93.050432	-269.872022	-473.447054	-770.636173	-1209.025132	-1783.065560	-2445.527546	-3185.279375	-4005.647099	-4907.907165	-5867.881851	-6911.883938	21.382635	23.065979	36.883464	44.641683	45.978739	50.060589	50.612874	49.569213	50.874503	49.397736	49.842266	53.260636	26
2ymd_651	-2.288308	-9.934942	-16.380057	-15.771715	0.562838	20.250252	30.863043	35.962933	36.669052	40.112238	47.997276	50.196540	-7.891810	-13.045843	-15.511088	-18.162368	-11.688517	-2.309155	3.250904	7.471792	8.366935	11.341981	13.113962	14.834790	2.821591	2.092125	3.400916	2.319326	-1.035334	1.530592	1.211236	0.520161	-1.612301	-2.538552	-4.307690	-5.027915	-11.094228	-14.592980	-13.099165	-11.436073	-8.248348	-2.562464	-3.297065	-3.490127	-4.231021	-4.698148	-4.557132	-4.843074	-85.847581	-255.756982	-487.994087	-766.183659	-1126.696124	-1597.473844	-2207.285656	-2852.147796	-3540.694801	-4379.893954	-5354.257107	-6456.382028	1.922830	-4.949043	-9.756808	-11.893208	-1.112749	10.808553	17.164500	21.500680	22.279933	24.297167	24.734050	25.144605	-81.721686	-251.802701	-496.379330	-807.708719	-1230.528196	-1772.398114	-2459.269242	-3158.375335	-3881.354145	-4747.750937	-5739.399177	-6858.793779	0.619574	-1.523798	-0.025395	0.976192	2.792491	7.839859	7.167378	7.088351	6.795558	7.106396	7.946584	8.225633	26
2ymd_665	13.547594	3.785061	-0.590540	-0.780896	17.995604	38.910642	51.055727	53.611369	55.791315	58.842777	68.682397	70.229844	12.782352	5.812085	5.338712	0.579286	9.293770	15.982084	23.705942	26.220226	27.799596	30.650452	35.066097	35.925694	16.332561	14.639810	16.854307	15.327302	15.065678	19.546231	20.269784	17.329979	15.890158	16.279548	15.738455	15.252654	8.237659	4.048419	7.256250	6.376288	11.641564	15.477154	16.302191	14.769713	14.537431	15.194350	16.934637	16.506108	-66.465136	-240.717227	-444.973694	-720.630898	-1069.935882	-1557.376311	-2159.637330	-2795.130609	-3529.084584	-4329.972636	-5266.532895	-6343.451774	17.310988	7.956419	6.281919	2.367861	15.169717	24.898955	33.315897	35.983762	37.372199	39.369541	42.553202	42.146433	-65.664328	-240.817443	-454.448147	-766.340917	-1173.159066	-1737.133974	-2414.813941	-3102.451659	-3877.104745	-4698.842503	-5650.660599	-6742.779801	14.534480	11.141230	14.968366	14.080736	17.964537	21.703947	22.499385	21.125708	21.210126	22.769471	25.295189	25.448241	26
2ymd_670	31.314334	32.483598	29.131623	26.940375	47.370844	61.710968	73.351267	79.007486	80.676197	83.241389	90.722722	91.615489	19.748459	26.122576	25.923087	21.123364	30.512815	35.843815	44.066277	48.164170	48.728547	51.014567	53.097524	54.329360	37.087911	46.008452	50.022871	46.966927	47.441387	44.195745	43.992476	43.238970	41.119071	39.385708	35.763007	35.248630	17.346263	26.139609	29.574283	30.123215	36.067233	37.231747	37.703523	37.552325	36.245749	34.853464	34.071554	34.309024	-64.674743	-223.720699	-446.261993	-743.222056	-1110.847818	-1585.185794	-2166.797023	-2849.676559	-3614.798971	-4462.759596	-5448.766409	-6504.189036	34.725861	39.111133	37.365612	32.881224	46.470277	54.275469	63.083967	67.350474	67.726341	69.060780	69.835585	69.910693	-60.738279	-218.326319	-454.511286	-785.280212	-1213.890411	-1758.003651	-2413.907086	-3158.751381	-3968.037929	-4841.964612	-5845.479227	-6912.169692	34.353804	44.220077	48.449653	48.227904	52.501797	52.907821	53.288234	53.243259	52.259160	51.715896	51.716079	52.687882	26
2ymd_672	5.636186	-5.661398	-13.194556	-10.039242	3.319927	16.448293	29.203313	36.169508	39.415353	44.212050	52.548109	56.979784	-2.087477	-11.881086	-14.488052	-12.396116	-6.589905	-3.056036	3.734821	9.566949	12.968628	16.844189	20.231741	23.228538	10.513180	7.743732	10.294252	9.589358	3.075533	-0.948990	0.273526	-0.235135	0.253983	1.845938	-1.108809	0.328399	-5.880661	-12.268241	-9.358058	-4.281178	-1.892304	-2.126473	-1.493349	-1.015624	0.759290	1.968736	2.009103	2.725078	-86.481682	-261.765070	-521.498656	-810.210115	-1162.065791	-1630.653581	-2258.908353	-2942.044326	-3647.958456	-4493.582743	-5454.210479	-6553.845311	7.614508	-3.359840	-8.879224	-6.210360	2.818149	8.805845	16.339959	22.336389	25.580048	28.520632	30.670688	32.395117	-82.552803	-256.606125	-531.292598	-853.457479	-1261.658230	-1800.755819	-2512.176059	-3256.991949	-3997.836343	-4868.522503	-5845.400048	-6961.484019	5.884207	1.440539	4.266584	8.415955	7.987965	7.006625	7.604679	8.201985	10.400523	12.466232	13.347387	14.690698	26
2ymd_674	14.577378	12.033429	12.544646	15.211959	42.260074	56.640091	71.801064	76.618461	80.047398	83.372351	91.492199	93.842579	11.259231	11.039849	13.419671	14.394913	27.621015	33.696575	45.801234	49.867344	52.392866	55.725545	58.928300	60.849087	18.240753	24.922799	34.637739	34.245815	41.803520	37.212700	40.212257	39.313469	38.394011	38.476078	36.894473	37.290071	5.343813	9.621911	18.488157	22.931573	32.781843	33.847720	38.930303	38.932140	39.242481	39.660176	40.456815	40.800050	-100.560491	-253.746888	-452.695639	-726.641407	-1103.151964	-1580.481654	-2185.370340	-2840.405296	-3614.206496	-4465.450843	-5407.266388	-6466.717305	19.714125	20.263283	21.772725	23.282550	41.821735	50.350584	63.197697	67.406827	69.717597	72.122617	74.152819	74.906226	-98.751939	-246.686455	-455.174453	-763.252360	-1208.980834	-1757.457320	-2440.409628	-3150.345715	-3969.508183	-4846.021618	-5801.034464	-6872.983345	16.254520	23.985066	34.031152	37.907465	47.460793	47.741683	52.837177	52.976253	53.572889	54.868866	56.583580	57.646004	26
2ymd_680	0.477878	-0.516950	-0.975016	0.873959	14.322959	35.206547	46.098043	49.770667	54.672752	59.046479	66.515600	70.216635	3.714133	4.792820	8.615518	8.652467	13.539293	22.140100	30.395532	31.414928	35.982375	39.997843	42.001497	45.071459	4.766467	14.578804	22.064303	20.147508	14.905953	15.822350	16.256769	15.176643	16.402243	15.306313	12.153236	13.730055	-1.538727	4.512093	13.110375	16.206097	19.054146	21.604671	22.637654	20.914321	23.552279	23.205457	22.730733	24.351028	-118.618702	-303.286946	-532.347428	-807.540744	-1164.314437	-1653.700010	-2214.270161	-2897.576103	-3624.322241	-4490.221393	-5460.808921	-6544.947605	9.648510	10.885763	13.460503	14.317823	22.857124	34.278469	43.071411	44.216392	48.633246	51.635914	52.356385	54.177058	-117.800907	-299.036621	-537.663520	-844.977575	-1259.674892	-1828.631308	-2457.292909	-3201.422364	-3968.863835	-4864.960074	-5852.029709	-6950.960924	7.047928	16.605363	25.987367	28.327981	28.847576	30.941311	31.883249	30.222507	33.250001	33.663889	33.986850	36.253773	26
2ymd_681	18.264266	14.255657	8.975207	16.416197	32.890440	53.313408	63.519037	69.018035	70.577365	73.150267	83.293681	86.298449	11.169018	12.206721	11.284400	14.335786	19.446061	27.359003	34.087782	39.150724	40.576600	43.170006	47.706433	48.697670	22.278327	25.168937	28.708438	32.930539	31.573953	34.747197	35.461967	33.655920	32.293731	31.937554	31.134647	32.480240	6.451343	9.008074	14.114233	19.916517	22.970825	27.628973	29.453429	28.729717	28.828459	29.103412	30.369426	30.328557	-66.611966	-234.578217	-447.726275	-719.404322	-1080.989835	-1567.132655	-2164.198332	-2808.027976	-3527.803455	-4345.542881	-5307.591200	-6384.220432	18.717327	17.395754	14.767214	18.683778	28.125656	38.831449	46.267118	51.471955	52.748072	54.449412	57.695824	57.436305	-63.651438	-232.143727	-452.374329	-762.126822	-1184.186878	-1746.059947	-2414.960557	-3114.381048	-3871.833959	-4712.546119	-5692.378893	-6783.460323	15.866070	19.193395	24.544085	30.313586	32.110228	36.369659	38.197090	37.609948	38.091504	39.231256	41.241427	41.812069	26
2ymd_687	2.555123	2.510383	-1.473258	-4.217638	7.505115	25.366805	35.445452	41.545214	44.030071	48.680750	59.549721	62.713964	-4.656192	-7.935335	-8.814480	-13.066879	-10.529648	-2.111978	4.903775	10.396088	12.439703	16.355209	22.111302	24.400316	9.139750	16.441831	20.611258	14.623028	8.416579	7.644950	6.890727	4.907578	5.208690	5.186073	4.748798	6.150676	-9.501196	-8.372621	-5.108233	-5.589662	-4.371184	-0.742245	-0.767809	-1.522688	-0.197301	0.052205	2.553166	3.689481	-126.176236	-257.668896	-499.074937	-795.545965	-1166.955511	-1643.479651	-2214.022902	-2867.684249	-3584.236101	-4457.294937	-5430.313991	-6503.476424	6.903889	7.115690	3.443633	-0.541651	5.943135	16.894751	24.528997	30.143369	32.020207	34.870548	39.322354	40.402945	-121.687238	-247.487954	-503.605239	-834.045135	-1264.133852	-1813.963181	-2456.079799	-3169.586267	-3924.596065	-4828.528149	-5819.934685	-6907.057745	4.874886	11.794220	14.938984	13.439107	12.584340	15.476152	15.420391	14.763728	16.461999	17.396419	20.661228	22.473728	26
2ymd_688	40.050439	37.454246	34.373365	36.225483	45.807518	54.856069	64.322102	70.636969	76.816120	80.631032	86.884957	88.534103	33.506303	31.455561	31.624046	31.732178	37.094231	40.852712	47.782572	50.551171	54.399984	57.627555	59.394977	59.789984	44.145721	49.910602	55.221072	53.713526	43.996665	37.851538	37.609219	36.403314	37.514656	37.233555	34.159256	35.137581	28.021751	29.661119	34.693873	38.063060	39.622641	40.146603	41.012482	39.813709	41.153660	41.542303	41.154562	40.981208	-70.972841	-225.886604	-449.973934	-734.682776	-1063.254798	-1471.685230	-1976.771145	-2667.361278	-3430.289606	-4312.959957	-5222.295477	-6202.749759	44.100874	42.519106	40.908952	41.460552	49.391701	54.680930	62.002300	64.977694	68.621923	70.720012	71.368941	70.757075	-69.585188	-220.981402	-458.141725	-777.471694	-1155.639331	-1622.275775	-2190.746245	-2952.357779	-3765.101536	-4680.081090	-5601.608211	-6590.434691	40.941160	45.840480	51.476399	54.083414	52.366384	51.475297	52.155064	50.991618	52.550940	53.492173	53.996154	54.612880	26
2ymd_694	33.153202	36.714007	31.480126	41.516693	56.656171	67.672791	74.054979	82.961954	84.166591	89.684778	97.690172	98.442000	21.492085	21.126882	17.698952	23.564428	27.259508	32.815828	36.802814	43.432349	42.828476	47.667153	49.877060	51.102930	41.696150	50.023357	53.382210	59.723257	56.424317	50.901805	48.245644	48.671985	46.121720	46.321832	44.189893	43.845438	18.515083	20.375864	22.284668	30.504253	32.147708	33.753517	32.553333	33.400573	31.632871	32.401198	32.203977	32.288803	-81.302911	-199.893021	-414.350789	-697.248256	-1070.590035	-1508.669766	-2053.180470	-2718.002688	-3499.881240	-4397.525605	-5372.298976	-6354.862643	35.444482	38.507200	32.812547	39.263415	47.421836	54.624203	59.067506	65.857809	65.038838	68.746161	69.658100	69.907125	-74.883453	-189.342423	-415.316796	-738.176692	-1173.469996	-1672.252224	-2283.004106	-3012.570690	-3842.767659	-4773.952167	-5765.008711	-6754.548397	35.087014	42.417790	44.393882	52.409029	52.782627	52.913499	51.553526	52.473907	50.937647	52.307242	52.882754	53.836361	26
2ymd_695	18.742481	12.204589	9.878766	17.764609	35.298686	51.164777	62.216793	66.738497	68.772630	72.040765	79.013867	81.862444	9.599030	3.736703	4.473930	7.401127	14.130800	18.978388	26.085583	30.185917	31.556810	34.597015	37.347041	40.186134	22.695851	25.646722	32.585348	37.835511	34.959077	33.740400	33.990372	31.163109	30.206600	30.030749	26.236067	25.504185	2.811463	1.694076	8.802472	15.396617	18.334434	19.962608	20.362628	18.892743	19.410105	19.738985	19.607417	19.488509	-91.264932	-262.629847	-479.245415	-757.622218	-1122.103088	-1607.611594	-2198.180639	-2856.955406	-3617.973348	-4470.430612	-5400.735646	-6467.442405	22.488050	17.096763	16.252946	20.041689	30.797699	38.260630	46.125562	50.348438	51.518840	53.591683	55.215270	56.849488	-89.580808	-255.630952	-479.111510	-794.599609	-1221.237176	-1779.919094	-2444.909733	-3162.380306	-3966.966342	-4845.612786	-5788.835693	-6870.885638	18.221785	20.504631	28.030527	34.407516	35.478060	36.463962	36.934584	35.569305	36.396269	37.551253	38.371928	38.928934	26
2ymd_773	6.417701	2.969428	-3.683229	-1.706862	15.295001	34.025107	52.604835	57.143890	62.630844	65.346865	71.624984	73.960944	0.202845	-2.405878	-7.493286	-8.237147	-0.008470	7.057908	21.066575	23.214227	26.957444	29.270876	31.607523	33.900940	9.779469	13.672095	16.715600	16.652536	14.450918	16.692859	21.894591	20.547727	22.111734	21.029572	16.777466	17.372823	-5.023583	-5.960530	-4.502381	-1.132186	4.252870	8.488466	13.474818	11.540341	13.412296	12.655569	12.600853	13.311885	-87.995818	-270.562006	-499.169568	-772.326682	-1121.676194	-1608.980437	-2211.730076	-2890.082258	-3670.439703	-4524.734446	-5468.633536	-6481.382490	11.198748	6.785129	0.880054	1.338767	13.231066	23.141549	37.952232	40.231825	43.806314	45.197933	46.387243	47.641000	-86.394659	-270.936769	-509.164796	-813.206034	-1220.481105	-1782.020055	-2465.006134	-3202.839722	-4030.189846	-4909.484953	-5865.559956	-6887.374395	8.067948	8.824408	11.595289	14.727874	17.958230	21.819505	26.877625	25.036430	27.241287	27.385728	28.288055	29.834320	26
2ymd_889	0.658977	-5.992273	-14.626871	-10.772143	3.866175	21.646197	35.658971	40.865614	43.158200	43.679034	52.094314	55.546820	-6.428451	-9.829738	-12.959946	-10.315363	-3.993950	1.975815	11.263876	14.884215	17.318604	18.274331	21.469634	24.782342	2.895529	5.314513	8.213024	9.553946	4.634220	4.293474	5.754733	4.836582	3.503744	0.422630	-2.549034	-1.289900	-11.744003	-12.188495	-8.252694	-1.814614	1.119842	2.760183	4.538205	4.097596	4.435615	2.378215	2.086068	3.904529	-82.389922	-271.973071	-532.319604	-808.821109	-1152.432786	-1639.261886	-2260.173772	-2947.422017	-3674.194022	-4500.192568	-5462.085369	-6549.982160	3.136311	-3.118484	-9.097047	-6.137086	3.426995	12.165762	22.142860	25.897890	28.186016	28.248708	30.201065	32.247522	-81.776433	-272.220209	-542.523438	-849.210160	-1248.566866	-1812.828426	-2516.197935	-3263.772867	-4028.564088	-4877.151499	-5855.247114	-6957.782600	-0.345567	-0.074556	3.545052	8.726164	9.003980	10.201993	11.908730	11.556303	12.312964	11.173414	11.717127	14.164583	26
2ymd_89	-0.511170	-6.096763	-9.330943	-6.490368	8.544025	21.612815	37.858430	41.928738	43.827345	48.787290	55.316325	57.551387	-0.616063	-0.961731	-0.240160	0.003046	7.455935	11.041497	21.058351	24.817415	25.999168	31.668923	32.798515	33.923276	0.367063	5.331314	12.889339	12.982690	7.955167	4.037809	6.735020	5.378427	3.489913	3.575502	-0.354180	0.894771	-7.197332	-2.917579	4.843561	8.639460	12.322026	12.105719	14.053813	14.065969	13.335366	14.962152	13.676500	13.853342	-95.596847	-275.009769	-511.404725	-797.921652	-1147.615153	-1618.236516	-2252.996710	-2919.553856	-3679.030669	-4539.172832	-5541.449884	-6559.338689	7.806242	5.503043	4.151362	5.204434	15.935094	22.057445	32.866717	36.769805	37.774897	42.458967	42.270435	42.363970	-96.959200	-273.667405	-520.111432	-841.064930	-1246.477401	-1787.276903	-2509.483119	-3232.737966	-4035.146973	-4922.763236	-5942.080517	-6967.999457	3.287857	8.925974	16.991799	20.289541	21.270391	20.403305	22.345632	22.487439	22.107543	24.558060	24.063612	25.098001	26
